{"cameraMode":{"drawMode":0,"name":"Shaded","section":"Shading Mode"},"sceneLighting":true,"audioPlay":false,"sceneViewState":{"showFog":true,"showMaterialUpdate":false,"showSkybox":true,"showFlares":true,"showImageEffects":true,"showParticleSystems":true,"showVisualEffectGraphs":true,"m_FxEnabled":true},"in2DMode":false,"pivot":{"x":1.2890000343322755,"y":0.9913628101348877,"z":-1.565000057220459},"rotation":{"x":-0.20712754130363465,"y":0.33456453680992129,"z":-0.07558280974626541,"w":-0.9162326455116272},"size":1.0071067810058594,"orthographic":false}