{"cameraMode":{"drawMode":0,"name":"Shaded","section":"Shading Mode"},"sceneLighting":true,"audioPlay":false,"sceneViewState":{"showFog":true,"showMaterialUpdate":false,"showSkybox":true,"showFlares":true,"showImageEffects":true,"showParticleSystems":true,"showVisualEffectGraphs":true,"m_FxEnabled":true},"in2DMode":false,"pivot":{"x":1.2995895147323609,"y":1.0440969467163087,"z":-0.21147912740707398},"rotation":{"x":0.07603359967470169,"y":-0.37870997190475466,"z":0.028723223134875299,"w":0.9222802519798279},"size":1.217435359954834,"orthographic":false}