{"cameraMode":{"drawMode":0,"name":"Shaded","section":"Shading Mode"},"sceneLighting":true,"audioPlay":false,"sceneViewState":{"showFog":true,"showMaterialUpdate":false,"showSkybox":true,"showFlares":true,"showImageEffects":true,"showParticleSystems":true,"showVisualEffectGraphs":true,"m_FxEnabled":true},"in2DMode":false,"pivot":{"x":2.9700000286102297,"y":1.0299999713897706,"z":-12.84000015258789},"rotation":{"x":0.05094433203339577,"y":-0.041995640844106677,"z":0.0019920426420867445,"w":0.997927725315094},"size":1.5826034545898438,"orthographic":false}