{"cameraMode":{"drawMode":0,"name":"Shaded","section":"Shading Mode"},"sceneLighting":true,"audioPlay":false,"sceneViewState":{"showFog":true,"showMaterialUpdate":false,"showSkybox":true,"showFlares":true,"showImageEffects":true,"showParticleSystems":true,"showVisualEffectGraphs":true,"m_FxEnabled":true},"in2DMode":false,"pivot":{"x":1.3807945251464844,"y":1.239480972290039,"z":-0.9275569915771484},"rotation":{"x":-0.008132211863994599,"y":-0.32633551955223086,"z":-0.003071279963478446,"w":0.9453058838844299},"size":1.217435359954834,"orthographic":false}