{"cameraMode":{"drawMode":0,"name":"Shaded","section":"Shading Mode"},"sceneLighting":true,"audioPlay":false,"sceneViewState":{"showFog":true,"showMaterialUpdate":false,"showSkybox":true,"showFlares":true,"showImageEffects":true,"showParticleSystems":true,"showVisualEffectGraphs":true,"m_FxEnabled":true},"in2DMode":false,"pivot":{"x":-0.4293330907821655,"y":0.19333750009536744,"z":0.9016156196594238},"rotation":{"x":0.17113327980041505,"y":-0.37103933095932009,"z":0.0671403557062149,"w":0.9105944633483887},"size":3.5926432609558107,"orthographic":false}