{"cameraMode":{"drawMode":0,"name":"Shaded","section":"Shading Mode"},"sceneLighting":true,"audioPlay":false,"sceneViewState":{"showFog":true,"showMaterialUpdate":false,"showSkybox":true,"showFlares":true,"showImageEffects":true,"showParticleSystems":true,"showVisualEffectGraphs":true,"m_FxEnabled":true},"in2DMode":false,"pivot":{"x":3.6500000953674318,"y":0.7889999747276306,"z":1.1710000038146973},"rotation":{"x":0.13927973806858064,"y":0.032350897789001468,"z":-0.005755141377449036,"w":0.9899847507476807},"size":5.2381391525268559,"orthographic":false}