{"cameraMode":{"drawMode":0,"name":"Shaded","section":"Shading Mode"},"sceneLighting":true,"audioPlay":false,"sceneViewState":{"showFog":true,"showMaterialUpdate":false,"showSkybox":true,"showFlares":true,"showImageEffects":true,"showParticleSystems":true,"showVisualEffectGraphs":true,"m_FxEnabled":true},"in2DMode":false,"pivot":{"x":2.8410000801086427,"y":0.9440000057220459,"z":-2.7320001125335695},"rotation":{"x":-0.05455728620290756,"y":0.5993403196334839,"z":-0.04021063819527626,"w":-0.7978494763374329},"size":1.0071067810058594,"orthographic":false}