{"cameraMode":{"drawMode":0,"name":"Shaded","section":"Shading Mode"},"sceneLighting":true,"audioPlay":false,"sceneViewState":{"showFog":true,"showMaterialUpdate":false,"showSkybox":true,"showFlares":true,"showImageEffects":true,"showParticleSystems":true,"showVisualEffectGraphs":true,"m_FxEnabled":true},"in2DMode":false,"pivot":{"x":4.925638198852539,"y":0.5714230537414551,"z":-12.528392791748047},"rotation":{"x":0.08473875373601914,"y":0.21932439506053925,"z":-0.019228629767894746,"w":0.9718088507652283},"size":0.8480238318443298,"orthographic":false}