{"cameraMode":{"drawMode":0,"name":"Shaded","section":"Shading Mode"},"sceneLighting":true,"audioPlay":false,"sceneViewState":{"showFog":true,"showMaterialUpdate":false,"showSkybox":true,"showFlares":true,"showImageEffects":true,"showParticleSystems":true,"showVisualEffectGraphs":true,"m_FxEnabled":true},"in2DMode":false,"pivot":{"x":1.2996071577072144,"y":1.7209844589233399,"z":-0.04147911071777344},"rotation":{"x":0.09491663426160813,"y":-0.5919978022575378,"z":0.07048138231039047,"w":0.7972254157066345},"size":1.3617379665374756,"orthographic":false}