{"cameraMode":{"drawMode":0,"name":"Shaded","section":"Shading Mode"},"sceneLighting":true,"audioPlay":false,"sceneViewState":{"showFog":true,"showMaterialUpdate":false,"showSkybox":true,"showFlares":true,"showImageEffects":true,"showParticleSystems":true,"showVisualEffectGraphs":true,"m_FxEnabled":true},"in2DMode":false,"pivot":{"x":3.4600000381469728,"y":0.26999998092651369,"z":0.8199999928474426},"rotation":{"x":-0.12083207815885544,"y":0.34340402483940127,"z":-0.044199004769325259,"w":-0.9304936528205872},"size":2.170325994491577,"orthographic":false}