{"cameraMode":{"drawMode":0,"name":"Shaded","section":"Shading Mode"},"sceneLighting":true,"audioPlay":false,"sceneViewState":{"showFog":true,"showMaterialUpdate":false,"showSkybox":true,"showFlares":true,"showImageEffects":true,"showParticleSystems":true,"showVisualEffectGraphs":true,"m_FxEnabled":true},"in2DMode":false,"pivot":{"x":1.435534119606018,"y":1.5308113098144532,"z":0.4012047052383423},"rotation":{"x":0.07492628693580628,"y":-0.14243419468402863,"z":0.007754498161375523,"w":0.9873358011245728},"size":3.906541109085083,"orthographic":false}