{"cameraMode":{"drawMode":0,"name":"Shaded","section":"Shading Mode"},"sceneLighting":true,"audioPlay":false,"sceneViewState":{"showFog":true,"showMaterialUpdate":false,"showSkybox":true,"showFlares":true,"showImageEffects":true,"showParticleSystems":true,"showVisualEffectGraphs":true,"m_FxEnabled":true},"in2DMode":false,"pivot":{"x":1.2995895147323609,"y":1.018096923828125,"z":-0.022479116916656495},"rotation":{"x":-0.20685289800167085,"y":0.23096029460430146,"z":-0.0456453338265419,"w":-0.9501046538352966},"size":0.917435348033905,"orthographic":false}