{"cameraMode":{"drawMode":0,"name":"Shaded","section":"Shading Mode"},"sceneLighting":true,"audioPlay":false,"sceneViewState":{"showFog":true,"showMaterialUpdate":false,"showSkybox":true,"showFlares":true,"showImageEffects":true,"showParticleSystems":true,"showVisualEffectGraphs":true,"m_FxEnabled":true},"in2DMode":false,"pivot":{"x":4.510000228881836,"y":1.1829999685287476,"z":-15.329999923706055},"rotation":{"x":0.04693683981895447,"y":-0.2097248136997223,"z":0.009965098462998867,"w":0.9766223430633545},"size":3.1071064472198488,"orthographic":false}