{"cameraMode":{"drawMode":0,"name":"Shaded","section":"Shading Mode"},"sceneLighting":true,"audioPlay":false,"sceneViewState":{"showFog":true,"showMaterialUpdate":false,"showSkybox":true,"showFlares":true,"showImageEffects":true,"showParticleSystems":true,"showVisualEffectGraphs":true,"m_FxEnabled":true},"in2DMode":false,"pivot":{"x":1.327589511871338,"y":1.0148730278015137,"z":-0.8356817960739136},"rotation":{"x":0.10270337015390396,"y":-0.10810168832540512,"z":0.011228704825043679,"w":0.9887588024139404},"size":0.917435348033905,"orthographic":false}